filter,implementation,resolution,image_id,run_index,h2d_ms,kernel_ms,d2h_ms,total_ms,omp_threads,status
Invert,Sequential,720p,0,0,,,,37.6002,,OK
Invert,OpenMP,720p,0,0,,,,45.23,2,OK
Invert,OpenMP,720p,0,0,,,,27.706,4,OK
Invert,OpenMP,720p,0,0,,,,23.8215,6,OK
Invert,OpenMP,720p,0,0,,,,19.8467,8,OK
Invert,OpenMP,720p,0,0,,,,20.4935,10,OK
Invert,OpenMP,720p,0,0,,,,23.0645,12,OK
Invert,CUDA,720p,0,0,0.502752,0.201824,0.4848,1.2479,,OK
Gauss,Sequential,720p,0,0,,,,1230.15,,OK
Gauss,OpenMP,720p,0,0,,,,766.142,2,OK
Gauss,OpenMP,720p,0,0,,,,483.438,4,OK
Gauss,OpenMP,720p,0,0,,,,447.646,6,OK
Gauss,OpenMP,720p,0,0,,,,440.568,8,OK
Gauss,OpenMP,720p,0,0,,,,425.915,10,OK
Gauss,OpenMP,720p,0,0,,,,351.049,12,OK
Gauss,CUDA,720p,0,0,1.03658,0.470656,0.828704,2.38784,,OK
Sobel,Sequential,720p,0,0,,,,322.921,,OK
Sobel,OpenMP,720p,0,0,,,,152.218,2,OK
Sobel,OpenMP,720p,0,0,,,,115.223,4,OK
Sobel,OpenMP,720p,0,0,,,,105.151,6,OK
Sobel,OpenMP,720p,0,0,,,,97.5042,8,OK
Sobel,OpenMP,720p,0,0,,,,89.0412,10,OK
Sobel,OpenMP,720p,0,0,,,,84.7596,12,OK
Sobel,CUDA,720p,0,0,0.216256,0.163904,0.284448,0.69312,,OK
Unsharp,Sequential,720p,0,0,,,,1689.26,,OK
Unsharp,OpenMP,720p,0,0,,,,1150.29,2,OK
Unsharp,OpenMP,720p,0,0,,,,883.717,4,OK
Unsharp,OpenMP,720p,0,0,,,,809.969,6,OK
Unsharp,OpenMP,720p,0,0,,,,624.376,8,OK
Unsharp,OpenMP,720p,0,0,,,,510.304,10,OK
Unsharp,OpenMP,720p,0,0,,,,550.472,12,OK
Unsharp,CUDA,720p,0,0,0.516512,0.501472,1.00595,2.1624,,OK
HistEqual,Sequential,720p,0,0,,,,119.357,,OK
HistEqual,OpenMP,720p,0,0,,,,58.9872,2,OK
HistEqual,OpenMP,720p,0,0,,,,33.2848,4,OK
HistEqual,OpenMP,720p,0,0,,,,28.5056,6,OK
HistEqual,OpenMP,720p,0,0,,,,30.4146,8,OK
HistEqual,OpenMP,720p,0,0,,,,30.957,10,OK
HistEqual,OpenMP,720p,0,0,,,,32.7935,12,OK
HistEqual,CUDA,720p,0,0,0.224416,0.571328,0.223424,1.05955,,OK
Invert,Sequential,720p,1,0,,,,115.788,,OK
Invert,OpenMP,720p,1,0,,,,80.1584,2,OK
Invert,OpenMP,720p,1,0,,,,39.0016,4,OK
Invert,OpenMP,720p,1,0,,,,29.721,6,OK
Invert,OpenMP,720p,1,0,,,,26.5373,8,OK
Invert,OpenMP,720p,1,0,,,,27.0707,10,OK
Invert,OpenMP,720p,1,0,,,,29.4677,12,OK
Invert,CUDA,720p,1,0,0.534112,0.216768,0.590752,1.37686,,OK
Gauss,Sequential,720p,1,0,,,,2414.27,,OK
Gauss,OpenMP,720p,1,0,,,,1280.77,2,OK
Gauss,OpenMP,720p,1,0,,,,840.011,4,OK
Gauss,OpenMP,720p,1,0,,,,525.266,6,OK
Gauss,OpenMP,720p,1,0,,,,479.807,8,OK
Gauss,OpenMP,720p,1,0,,,,511.91,10,OK
Gauss,OpenMP,720p,1,0,,,,568.997,12,OK
Gauss,CUDA,720p,1,0,0.62288,0.39504,0.598272,1.63578,,OK
Sobel,Sequential,720p,1,0,,,,460.313,,OK
Sobel,OpenMP,720p,1,0,,,,220.968,2,OK
Sobel,OpenMP,720p,1,0,,,,143.771,4,OK
Sobel,OpenMP,720p,1,0,,,,118.204,6,OK
Sobel,OpenMP,720p,1,0,,,,100.985,8,OK
Sobel,OpenMP,720p,1,0,,,,93.7001,10,OK
Sobel,OpenMP,720p,1,0,,,,81.157,12,OK
Sobel,CUDA,720p,1,0,0.225696,0.199424,0.26848,0.715008,,OK
Unsharp,Sequential,720p,1,0,,,,2106.6,,OK
Unsharp,OpenMP,720p,1,0,,,,1349.76,2,OK
Unsharp,OpenMP,720p,1,0,,,,754.74,4,OK
Unsharp,OpenMP,720p,1,0,,,,612.32,6,OK
Unsharp,OpenMP,720p,1,0,,,,478.977,8,OK
Unsharp,OpenMP,720p,1,0,,,,452.717,10,OK
Unsharp,OpenMP,720p,1,0,,,,413.605,12,OK
Unsharp,CUDA,720p,1,0,0.50096,0.48352,0.67824,1.68262,,OK
HistEqual,Sequential,720p,1,0,,,,96.7147,,OK
HistEqual,OpenMP,720p,1,0,,,,49.6523,2,OK
HistEqual,OpenMP,720p,1,0,,,,27.1891,4,OK
HistEqual,OpenMP,720p,1,0,,,,25.9651,6,OK
HistEqual,OpenMP,720p,1,0,,,,24.7615,8,OK
HistEqual,OpenMP,720p,1,0,,,,26.2477,10,OK
HistEqual,OpenMP,720p,1,0,,,,28.7643,12,OK
HistEqual,CUDA,720p,1,0,0.278048,0.609952,0.231552,1.15619,,OK
Invert,Sequential,720p,2,0,,,,105.426,,OK
Invert,OpenMP,720p,2,0,,,,69.5731,2,OK
Invert,OpenMP,720p,2,0,,,,35.2902,4,OK
Invert,OpenMP,720p,2,0,,,,27.311,6,OK
Invert,OpenMP,720p,2,0,,,,24.8421,8,OK
Invert,OpenMP,720p,2,0,,,,26.1745,10,OK
Invert,OpenMP,720p,2,0,,,,25.5195,12,OK
Invert,CUDA,720p,2,0,0.465408,0.205472,0.483648,1.18438,,OK
Gauss,Sequential,720p,2,0,,,,1859.45,,OK
Gauss,OpenMP,720p,2,0,,,,1325.12,2,OK
Gauss,OpenMP,720p,2,0,,,,800.742,4,OK
Gauss,OpenMP,720p,2,0,,,,558.399,6,OK
Gauss,OpenMP,720p,2,0,,,,455.622,8,OK
Gauss,OpenMP,720p,2,0,,,,432.743,10,OK
Gauss,OpenMP,720p,2,0,,,,384.69,12,OK
Gauss,CUDA,720p,2,0,0.528128,0.401888,0.646528,1.59968,,OK
Sobel,Sequential,720p,2,0,,,,457.494,,OK
Sobel,OpenMP,720p,2,0,,,,225.832,2,OK
Sobel,OpenMP,720p,2,0,,,,134.515,4,OK
Sobel,OpenMP,720p,2,0,,,,113.19,6,OK
Sobel,OpenMP,720p,2,0,,,,96.9505,8,OK
Sobel,OpenMP,720p,2,0,,,,85.8814,10,OK
Sobel,OpenMP,720p,2,0,,,,84.3857,12,OK
Sobel,CUDA,720p,2,0,0.223104,0.29696,0.285184,0.826784,,OK
Unsharp,Sequential,720p,2,0,,,,2217.48,,OK
Unsharp,OpenMP,720p,2,0,,,,1520.67,2,OK
Unsharp,OpenMP,720p,2,0,,,,977.411,4,OK
Unsharp,OpenMP,720p,2,0,,,,707.174,6,OK
Unsharp,OpenMP,720p,2,0,,,,653.774,8,OK
Unsharp,OpenMP,720p,2,0,,,,531.161,10,OK
Unsharp,OpenMP,720p,2,0,,,,446.486,12,OK
Unsharp,CUDA,720p,2,0,0.458752,0.495616,1.18694,2.17088,,OK
HistEqual,Sequential,720p,2,0,,,,106.76,,OK
HistEqual,OpenMP,720p,2,0,,,,52.2528,2,OK
HistEqual,OpenMP,720p,2,0,,,,29.2923,4,OK
HistEqual,OpenMP,720p,2,0,,,,27.955,6,OK
HistEqual,OpenMP,720p,2,0,,,,26.6919,8,OK
HistEqual,OpenMP,720p,2,0,,,,28.7502,10,OK
HistEqual,OpenMP,720p,2,0,,,,29.7223,12,OK
HistEqual,CUDA,720p,2,0,0.216992,0.572576,0.224416,1.04128,,OK
Invert,Sequential,720p,3,0,,,,117.532,,OK
Invert,OpenMP,720p,3,0,,,,81.3043,2,OK
Invert,OpenMP,720p,3,0,,,,38.826,4,OK
Invert,OpenMP,720p,3,0,,,,32.65,6,OK
Invert,OpenMP,720p,3,0,,,,28.303,8,OK
Invert,OpenMP,720p,3,0,,,,29.0635,10,OK
Invert,OpenMP,720p,3,0,,,,28.5541,12,OK
Invert,CUDA,720p,3,0,0.46688,0.244768,0.56576,1.39677,,OK
Gauss,Sequential,720p,3,0,,,,2267.55,,OK
Gauss,OpenMP,720p,3,0,,,,1253.82,2,OK
Gauss,OpenMP,720p,3,0,,,,689.259,4,OK
Gauss,OpenMP,720p,3,0,,,,577.625,6,OK
Gauss,OpenMP,720p,3,0,,,,482.284,8,OK
Gauss,OpenMP,720p,3,0,,,,409.735,10,OK
Gauss,OpenMP,720p,3,0,,,,355.84,12,OK
Gauss,CUDA,720p,3,0,0.7168,0.438176,0.602592,1.82573,,OK
Sobel,Sequential,720p,3,0,,,,451.091,,OK
Sobel,OpenMP,720p,3,0,,,,213.706,2,OK
Sobel,OpenMP,720p,3,0,,,,131.093,4,OK
Sobel,OpenMP,720p,3,0,,,,105.101,6,OK
Sobel,OpenMP,720p,3,0,,,,87.2631,8,OK
Sobel,OpenMP,720p,3,0,,,,91.095,10,OK
Sobel,OpenMP,720p,3,0,,,,81.8322,12,OK
Sobel,CUDA,720p,3,0,0.223424,0.201088,0.280576,0.727776,,OK
Unsharp,Sequential,720p,3,0,,,,1669.76,,OK
Unsharp,OpenMP,720p,3,0,,,,1163.58,2,OK
Unsharp,OpenMP,720p,3,0,,,,649.964,4,OK
Unsharp,OpenMP,720p,3,0,,,,519.698,6,OK
Unsharp,OpenMP,720p,3,0,,,,469.67,8,OK
Unsharp,OpenMP,720p,3,0,,,,421.18,10,OK
Unsharp,OpenMP,720p,3,0,,,,402.479,12,OK
Unsharp,CUDA,720p,3,0,0.528672,0.506688,0.724832,1.76902,,OK
HistEqual,Sequential,720p,3,0,,,,101.037,,OK
HistEqual,OpenMP,720p,3,0,,,,49.4035,2,OK
HistEqual,OpenMP,720p,3,0,,,,30.6046,4,OK
HistEqual,OpenMP,720p,3,0,,,,26.6429,6,OK
HistEqual,OpenMP,720p,3,0,,,,25.1437,8,OK
HistEqual,OpenMP,720p,3,0,,,,26.7261,10,OK
HistEqual,OpenMP,720p,3,0,,,,30.5819,12,OK
HistEqual,CUDA,720p,3,0,0.206656,0.533472,0.273248,1.04179,,OK
Invert,Sequential,720p,4,0,,,,115.49,,OK
Invert,OpenMP,720p,4,0,,,,66.5386,2,OK
Invert,OpenMP,720p,4,0,,,,35.1017,4,OK
Invert,OpenMP,720p,4,0,,,,26.9065,6,OK
Invert,OpenMP,720p,4,0,,,,24.4502,8,OK
Invert,OpenMP,720p,4,0,,,,23.0405,10,OK
Invert,OpenMP,720p,4,0,,,,23.0938,12,OK
Invert,CUDA,720p,4,0,0.42384,0.266944,0.482144,1.19952,,OK
Gauss,Sequential,720p,4,0,,,,1480.33,,OK
Gauss,OpenMP,720p,4,0,,,,1126.45,2,OK
Gauss,OpenMP,720p,4,0,,,,635.048,4,OK
Gauss,OpenMP,720p,4,0,,,,503.21,6,OK
Gauss,OpenMP,720p,4,0,,,,446.82,8,OK
Gauss,OpenMP,720p,4,0,,,,489.321,10,OK
Gauss,OpenMP,720p,4,0,,,,402.508,12,OK
Gauss,CUDA,720p,4,0,0.52928,0.42816,0.718592,1.70122,,OK
Sobel,Sequential,720p,4,0,,,,342.158,,OK
Sobel,OpenMP,720p,4,0,,,,180.137,2,OK
Sobel,OpenMP,720p,4,0,,,,136.15,4,OK
Sobel,OpenMP,720p,4,0,,,,93.126,6,OK
Sobel,OpenMP,720p,4,0,,,,94.1618,8,OK
Sobel,OpenMP,720p,4,0,,,,84.2909,10,OK
Sobel,OpenMP,720p,4,0,,,,81.5689,12,OK
Sobel,CUDA,720p,4,0,0.217856,0.215264,0.27808,0.732128,,OK
Unsharp,Sequential,720p,4,0,,,,1585.31,,OK
Unsharp,OpenMP,720p,4,0,,,,1279.11,2,OK
Unsharp,OpenMP,720p,4,0,,,,719.414,4,OK
Unsharp,OpenMP,720p,4,0,,,,553.156,6,OK
Unsharp,OpenMP,720p,4,0,,,,450.759,8,OK
Unsharp,OpenMP,720p,4,0,,,,424.454,10,OK
Unsharp,OpenMP,720p,4,0,,,,426.985,12,OK
Unsharp,CUDA,720p,4,0,0.464896,0.528256,0.506112,1.5167,,OK
HistEqual,Sequential,720p,4,0,,,,94.5618,,OK
HistEqual,OpenMP,720p,4,0,,,,48.0001,2,OK
HistEqual,OpenMP,720p,4,0,,,,24.8345,4,OK
HistEqual,OpenMP,720p,4,0,,,,22.4875,6,OK
HistEqual,OpenMP,720p,4,0,,,,21.8553,8,OK
HistEqual,OpenMP,720p,4,0,,,,24.2752,10,OK
HistEqual,OpenMP,720p,4,0,,,,25.842,12,OK
HistEqual,CUDA,720p,4,0,0.233728,0.629888,0.236256,1.13491,,OK
Invert,Sequential,1080p,0,0,,,,93.3988,,OK
Invert,OpenMP,1080p,0,0,,,,104.809,2,OK
Invert,OpenMP,1080p,0,0,,,,70.2965,4,OK
Invert,OpenMP,1080p,0,0,,,,53.8383,6,OK
Invert,OpenMP,1080p,0,0,,,,46.6726,8,OK
Invert,OpenMP,1080p,0,0,,,,46.643,10,OK
Invert,OpenMP,1080p,0,0,,,,44.6897,12,OK
Invert,CUDA,1080p,0,0,0.931616,0.31728,0.913984,2.18973,,OK
Gauss,Sequential,1080p,0,0,,,,3024.66,,OK
Gauss,OpenMP,1080p,0,0,,,,2090.33,2,OK
Gauss,OpenMP,1080p,0,0,,,,1333.12,4,OK
Gauss,OpenMP,1080p,0,0,,,,1009.56,6,OK
Gauss,OpenMP,1080p,0,0,,,,897.124,8,OK
Gauss,OpenMP,1080p,0,0,,,,812.233,10,OK
Gauss,OpenMP,1080p,0,0,,,,760.113,12,OK
Gauss,CUDA,1080p,0,0,0.962624,0.763488,1.15446,2.90336,,OK
Sobel,Sequential,1080p,0,0,,,,603.033,,OK
Sobel,OpenMP,1080p,0,0,,,,396.932,2,OK
Sobel,OpenMP,1080p,0,0,,,,358.558,4,OK
Sobel,OpenMP,1080p,0,0,,,,230.815,6,OK
Sobel,OpenMP,1080p,0,0,,,,200.108,8,OK
Sobel,OpenMP,1080p,0,0,,,,172.484,10,OK
Sobel,OpenMP,1080p,0,0,,,,164.905,12,OK
Sobel,CUDA,1080p,0,0,0.440704,0.391584,0.472576,1.3281,,OK
Unsharp,Sequential,1080p,0,0,,,,3297.77,,OK
Unsharp,OpenMP,1080p,0,0,,,,1885.32,2,OK
Unsharp,OpenMP,1080p,0,0,,,,1261.56,4,OK
Unsharp,OpenMP,1080p,0,0,,,,1076.71,6,OK
Unsharp,OpenMP,1080p,0,0,,,,1013.68,8,OK
Unsharp,OpenMP,1080p,0,0,,,,958.184,10,OK
Unsharp,OpenMP,1080p,0,0,,,,927.791,12,OK
Unsharp,CUDA,1080p,0,0,1.04845,0.9184,1.28883,3.26381,,OK
HistEqual,Sequential,1080p,0,0,,,,146.718,,OK
HistEqual,OpenMP,1080p,0,0,,,,74.6869,2,OK
HistEqual,OpenMP,1080p,0,0,,,,46.8266,4,OK
HistEqual,OpenMP,1080p,0,0,,,,43.9953,6,OK
HistEqual,OpenMP,1080p,0,0,,,,49.79,8,OK
HistEqual,OpenMP,1080p,0,0,,,,49.6364,10,OK
HistEqual,OpenMP,1080p,0,0,,,,45.8928,12,OK
HistEqual,CUDA,1080p,0,0,0.379968,1.0568,0.48624,1.98285,,OK
Invert,Sequential,1080p,1,0,,,,153.528,,OK
Invert,OpenMP,1080p,1,0,,,,105.969,2,OK
Invert,OpenMP,1080p,1,0,,,,64.1724,4,OK
Invert,OpenMP,1080p,1,0,,,,50.1569,6,OK
Invert,OpenMP,1080p,1,0,,,,49.0787,8,OK
Invert,OpenMP,1080p,1,0,,,,45.1575,10,OK
Invert,OpenMP,1080p,1,0,,,,42.9332,12,OK
Invert,CUDA,1080p,1,0,0.932736,0.315104,0.95456,2.22957,,OK
Gauss,Sequential,1080p,1,0,,,,2903.53,,OK
Gauss,OpenMP,1080p,1,0,,,,1652.17,2,OK
Gauss,OpenMP,1080p,1,0,,,,1096.58,4,OK
Gauss,OpenMP,1080p,1,0,,,,956.521,6,OK
Gauss,OpenMP,1080p,1,0,,,,896.557,8,OK
Gauss,OpenMP,1080p,1,0,,,,839.146,10,OK
Gauss,OpenMP,1080p,1,0,,,,809.56,12,OK
Gauss,CUDA,1080p,1,0,0.892192,0.7568,1.00528,2.67283,,OK
Sobel,Sequential,1080p,1,0,,,,562.816,,OK
Sobel,OpenMP,1080p,1,0,,,,321.312,2,OK
Sobel,OpenMP,1080p,1,0,,,,198.071,4,OK
Sobel,OpenMP,1080p,1,0,,,,188.059,6,OK
Sobel,OpenMP,1080p,1,0,,,,182.425,8,OK
Sobel,OpenMP,1080p,1,0,,,,169.816,10,OK
Sobel,OpenMP,1080p,1,0,,,,175.622,12,OK
Sobel,CUDA,1080p,1,0,0.428864,0.259104,0.501952,1.21072,,OK
Unsharp,Sequential,1080p,1,0,,,,3269.69,,OK
Unsharp,OpenMP,1080p,1,0,,,,1908.87,2,OK
Unsharp,OpenMP,1080p,1,0,,,,1267.32,4,OK
Unsharp,OpenMP,1080p,1,0,,,,1099.94,6,OK
Unsharp,OpenMP,1080p,1,0,,,,1085.21,8,OK
Unsharp,OpenMP,1080p,1,0,,,,956.943,10,OK
Unsharp,OpenMP,1080p,1,0,,,,908.51,12,OK
Unsharp,CUDA,1080p,1,0,0.978144,0.923808,0.984256,2.90614,,OK
HistEqual,Sequential,1080p,1,0,,,,151.415,,OK
HistEqual,OpenMP,1080p,1,0,,,,62.6261,2,OK
HistEqual,OpenMP,1080p,1,0,,,,51.6419,4,OK
HistEqual,OpenMP,1080p,1,0,,,,48.7297,6,OK
HistEqual,OpenMP,1080p,1,0,,,,47.3715,8,OK
HistEqual,OpenMP,1080p,1,0,,,,44.4279,10,OK
HistEqual,OpenMP,1080p,1,0,,,,49.1502,12,OK
HistEqual,CUDA,1080p,1,0,0.44016,1.02781,0.385408,1.88198,,OK
Invert,Sequential,1080p,2,0,,,,148.687,,OK
Invert,OpenMP,1080p,2,0,,,,97.4184,2,OK
Invert,OpenMP,1080p,2,0,,,,64.0263,4,OK
Invert,OpenMP,1080p,2,0,,,,45.0565,6,OK
Invert,OpenMP,1080p,2,0,,,,48.719,8,OK
Invert,OpenMP,1080p,2,0,,,,47.7266,10,OK
Invert,OpenMP,1080p,2,0,,,,44.127,12,OK
Invert,CUDA,1080p,2,0,0.95536,0.338304,1.1768,2.50963,,OK
Gauss,Sequential,1080p,2,0,,,,2949.63,,OK
Gauss,OpenMP,1080p,2,0,,,,1681.13,2,OK
Gauss,OpenMP,1080p,2,0,,,,1202.07,4,OK
Gauss,OpenMP,1080p,2,0,,,,970.523,6,OK
Gauss,OpenMP,1080p,2,0,,,,907.663,8,OK
Gauss,OpenMP,1080p,2,0,,,,856.975,10,OK
Gauss,OpenMP,1080p,2,0,,,,808.606,12,OK
Gauss,CUDA,1080p,2,0,0.993088,0.746144,0.992768,2.7504,,OK
Sobel,Sequential,1080p,2,0,,,,559.068,,OK
Sobel,OpenMP,1080p,2,0,,,,313.053,2,OK
Sobel,OpenMP,1080p,2,0,,,,211.837,4,OK
Sobel,OpenMP,1080p,2,0,,,,207.55,6,OK
Sobel,OpenMP,1080p,2,0,,,,180.738,8,OK
Sobel,OpenMP,1080p,2,0,,,,170.962,10,OK
Sobel,OpenMP,1080p,2,0,,,,169.131,12,OK
Sobel,CUDA,1080p,2,0,0.42736,0.265792,0.459808,1.17693,,OK
Unsharp,Sequential,1080p,2,0,,,,3300.63,,OK
Unsharp,OpenMP,1080p,2,0,,,,1889.37,2,OK
Unsharp,OpenMP,1080p,2,0,,,,1252.82,4,OK
Unsharp,OpenMP,1080p,2,0,,,,1092.1,6,OK
Unsharp,OpenMP,1080p,2,0,,,,1008.22,8,OK
Unsharp,OpenMP,1080p,2,0,,,,952.733,10,OK
Unsharp,OpenMP,1080p,2,0,,,,909.403,12,OK
Unsharp,CUDA,1080p,2,0,1.24157,0.960064,1.36029,3.58352,,OK
HistEqual,Sequential,1080p,2,0,,,,158.708,,OK
HistEqual,OpenMP,1080p,2,0,,,,63.1759,2,OK
HistEqual,OpenMP,1080p,2,0,,,,47.4294,4,OK
HistEqual,OpenMP,1080p,2,0,,,,48.545,6,OK
HistEqual,OpenMP,1080p,2,0,,,,49.9501,8,OK
HistEqual,OpenMP,1080p,2,0,,,,45.4411,10,OK
HistEqual,OpenMP,1080p,2,0,,,,45.8332,12,OK
HistEqual,CUDA,1080p,2,0,0.566048,1.0103,0.391936,1.99696,,OK
Invert,Sequential,1080p,3,0,,,,151.502,,OK
Invert,OpenMP,1080p,3,0,,,,95.3218,2,OK
Invert,OpenMP,1080p,3,0,,,,58.2307,4,OK
Invert,OpenMP,1080p,3,0,,,,48.9051,6,OK
Invert,OpenMP,1080p,3,0,,,,45.4902,8,OK
Invert,OpenMP,1080p,3,0,,,,47.66,10,OK
Invert,OpenMP,1080p,3,0,,,,43.6111,12,OK
Invert,CUDA,1080p,3,0,1.12816,0.327776,1.5016,2.97942,,OK
Gauss,Sequential,1080p,3,0,,,,2923.93,,OK
Gauss,OpenMP,1080p,3,0,,,,1747.58,2,OK
Gauss,OpenMP,1080p,3,0,,,,1084.07,4,OK
Gauss,OpenMP,1080p,3,0,,,,949.755,6,OK
Gauss,OpenMP,1080p,3,0,,,,892.78,8,OK
Gauss,OpenMP,1080p,3,0,,,,855.364,10,OK
Gauss,OpenMP,1080p,3,0,,,,808.924,12,OK
Gauss,CUDA,1080p,3,0,0.89984,1.1735,1.29744,3.39658,,OK
Sobel,Sequential,1080p,3,0,,,,571.569,,OK
Sobel,OpenMP,1080p,3,0,,,,316.855,2,OK
Sobel,OpenMP,1080p,3,0,,,,199.371,4,OK
Sobel,OpenMP,1080p,3,0,,,,199.514,6,OK
Sobel,OpenMP,1080p,3,0,,,,177.269,8,OK
Sobel,OpenMP,1080p,3,0,,,,175.331,10,OK
Sobel,OpenMP,1080p,3,0,,,,169.807,12,OK
Sobel,CUDA,1080p,3,0,0.418144,0.24656,0.426432,1.11088,,OK
Unsharp,Sequential,1080p,3,0,,,,3304.07,,OK
Unsharp,OpenMP,1080p,3,0,,,,1863.67,2,OK
Unsharp,OpenMP,1080p,3,0,,,,1277.2,4,OK
Unsharp,OpenMP,1080p,3,0,,,,1092.78,6,OK
Unsharp,OpenMP,1080p,3,0,,,,1006.88,8,OK
Unsharp,OpenMP,1080p,3,0,,,,942.583,10,OK
Unsharp,OpenMP,1080p,3,0,,,,925.951,12,OK
Unsharp,CUDA,1080p,3,0,0.995232,0.95248,1.06211,3.03021,,OK
HistEqual,Sequential,1080p,3,0,,,,150.535,,OK
HistEqual,OpenMP,1080p,3,0,,,,73.0388,2,OK
HistEqual,OpenMP,1080p,3,0,,,,38.7877,4,OK
HistEqual,OpenMP,1080p,3,0,,,,52.761,6,OK
HistEqual,OpenMP,1080p,3,0,,,,45.6745,8,OK
HistEqual,OpenMP,1080p,3,0,,,,44.8058,10,OK
HistEqual,OpenMP,1080p,3,0,,,,44.4305,12,OK
HistEqual,CUDA,1080p,3,0,0.530688,1.05843,0.466176,2.09053,,OK
Invert,Sequential,1080p,4,0,,,,151.974,,OK
Invert,OpenMP,1080p,4,0,,,,95.3313,2,OK
Invert,OpenMP,1080p,4,0,,,,53.8846,4,OK
Invert,OpenMP,1080p,4,0,,,,52.2358,6,OK
Invert,OpenMP,1080p,4,0,,,,47.48,8,OK
Invert,OpenMP,1080p,4,0,,,,46.9826,10,OK
Invert,OpenMP,1080p,4,0,,,,45.6855,12,OK
Invert,CUDA,1080p,4,0,0.917248,0.307712,0.909088,2.16051,,OK
Gauss,Sequential,1080p,4,0,,,,2965.14,,OK
Gauss,OpenMP,1080p,4,0,,,,1658.89,2,OK
Gauss,OpenMP,1080p,4,0,,,,1124.86,4,OK
Gauss,OpenMP,1080p,4,0,,,,941.107,6,OK
Gauss,OpenMP,1080p,4,0,,,,886.944,8,OK
Gauss,OpenMP,1080p,4,0,,,,845.001,10,OK
Gauss,OpenMP,1080p,4,0,,,,823.259,12,OK
Gauss,CUDA,1080p,4,0,0.92352,0.739008,1.00758,2.68755,,OK
Sobel,Sequential,1080p,4,0,,,,555.749,,OK
Sobel,OpenMP,1080p,4,0,,,,292.724,2,OK
Sobel,OpenMP,1080p,4,0,,,,210.138,4,OK
Sobel,OpenMP,1080p,4,0,,,,192.448,6,OK
Sobel,OpenMP,1080p,4,0,,,,190.895,8,OK
Sobel,OpenMP,1080p,4,0,,,,181.379,10,OK
Sobel,OpenMP,1080p,4,0,,,,171.603,12,OK
Sobel,CUDA,1080p,4,0,0.507584,0.329984,0.465824,1.3297,,OK
Unsharp,Sequential,1080p,4,0,,,,3540.82,,OK
Unsharp,OpenMP,1080p,4,0,,,,2670.61,2,OK
Unsharp,OpenMP,1080p,4,0,,,,1642.07,4,OK
Unsharp,OpenMP,1080p,4,0,,,,1337.49,6,OK
Unsharp,OpenMP,1080p,4,0,,,,1334.73,8,OK
Unsharp,OpenMP,1080p,4,0,,,,1100.79,10,OK
Unsharp,OpenMP,1080p,4,0,,,,973.764,12,OK
Unsharp,CUDA,1080p,4,0,1.00138,1.44925,1.04426,3.51782,,OK
HistEqual,Sequential,1080p,4,0,,,,159.919,,OK
HistEqual,OpenMP,1080p,4,0,,,,66.8962,2,OK
HistEqual,OpenMP,1080p,4,0,,,,57.239,4,OK
HistEqual,OpenMP,1080p,4,0,,,,51.0132,6,OK
HistEqual,OpenMP,1080p,4,0,,,,52.7301,8,OK
HistEqual,OpenMP,1080p,4,0,,,,45.9206,10,OK
HistEqual,OpenMP,1080p,4,0,,,,51.5954,12,OK
HistEqual,CUDA,1080p,4,0,0.408192,1.13738,0.435264,2.11334,,OK
Invert,Sequential,1440p,0,0,,,,167.522,,OK
Invert,OpenMP,1440p,0,0,,,,171.393,2,OK
Invert,OpenMP,1440p,0,0,,,,101.555,4,OK
Invert,OpenMP,1440p,0,0,,,,90.8259,6,OK
Invert,OpenMP,1440p,0,0,,,,86.5705,8,OK
Invert,OpenMP,1440p,0,0,,,,77.0729,10,OK
Invert,OpenMP,1440p,0,0,,,,73.0504,12,OK
Invert,CUDA,1440p,0,0,1.54931,0.41136,1.956,3.9432,,OK
Gauss,Sequential,1440p,0,0,,,,5377.44,,OK
Gauss,OpenMP,1440p,0,0,,,,3876.28,2,OK
Gauss,OpenMP,1440p,0,0,,,,1852.3,4,OK
Gauss,OpenMP,1440p,0,0,,,,1712.07,6,OK
Gauss,OpenMP,1440p,0,0,,,,1499.93,8,OK
Gauss,OpenMP,1440p,0,0,,,,1456.88,10,OK
Gauss,OpenMP,1440p,0,0,,,,1358.28,12,OK
Gauss,CUDA,1440p,0,0,1.94781,1.17536,1.71229,4.85386,,OK
Sobel,Sequential,1440p,0,0,,,,928.532,,OK
Sobel,OpenMP,1440p,0,0,,,,511.051,2,OK
Sobel,OpenMP,1440p,0,0,,,,336.544,4,OK
Sobel,OpenMP,1440p,0,0,,,,333.913,6,OK
Sobel,OpenMP,1440p,0,0,,,,297.83,8,OK
Sobel,OpenMP,1440p,0,0,,,,304.691,10,OK
Sobel,OpenMP,1440p,0,0,,,,271.615,12,OK
Sobel,CUDA,1440p,0,0,0.659264,0.304576,0.650624,1.63472,,OK
Unsharp,Sequential,1440p,0,0,,,,5635.34,,OK
Unsharp,OpenMP,1440p,0,0,,,,3193.33,2,OK
Unsharp,OpenMP,1440p,0,0,,,,2145.64,4,OK
Unsharp,OpenMP,1440p,0,0,,,,1816.18,6,OK
Unsharp,OpenMP,1440p,0,0,,,,1698.74,8,OK
Unsharp,OpenMP,1440p,0,0,,,,1629.56,10,OK
Unsharp,OpenMP,1440p,0,0,,,,1537.58,12,OK
Unsharp,CUDA,1440p,0,0,1.86806,2.00323,2.31088,6.20509,,OK
HistEqual,Sequential,1440p,0,0,,,,211.725,,OK
HistEqual,OpenMP,1440p,0,0,,,,108.306,2,OK
HistEqual,OpenMP,1440p,0,0,,,,74.9985,4,OK
HistEqual,OpenMP,1440p,0,0,,,,85.8851,6,OK
HistEqual,OpenMP,1440p,0,0,,,,76.9942,8,OK
HistEqual,OpenMP,1440p,0,0,,,,76.2778,10,OK
HistEqual,OpenMP,1440p,0,0,,,,72.4387,12,OK
HistEqual,CUDA,1440p,0,0,0.66608,1.6457,0.611936,2.95213,,OK
Invert,Sequential,1440p,1,0,,,,207.243,,OK
Invert,OpenMP,1440p,1,0,,,,156.578,2,OK
Invert,OpenMP,1440p,1,0,,,,116.571,4,OK
Invert,OpenMP,1440p,1,0,,,,90.8713,6,OK
Invert,OpenMP,1440p,1,0,,,,81.1585,8,OK
Invert,OpenMP,1440p,1,0,,,,74.3487,10,OK
Invert,OpenMP,1440p,1,0,,,,80.1146,12,OK
Invert,CUDA,1440p,1,0,1.89133,0.41888,1.58982,3.92646,,OK
Gauss,Sequential,1440p,1,0,,,,5038.94,,OK
Gauss,OpenMP,1440p,1,0,,,,2846.79,2,OK
Gauss,OpenMP,1440p,1,0,,,,1874.7,4,OK
Gauss,OpenMP,1440p,1,0,,,,1630.47,6,OK
Gauss,OpenMP,1440p,1,0,,,,1518.67,8,OK
Gauss,OpenMP,1440p,1,0,,,,1448.41,10,OK
Gauss,OpenMP,1440p,1,0,,,,1357.45,12,OK
Gauss,CUDA,1440p,1,0,1.70611,1.19306,1.68499,4.6025,,OK
Sobel,Sequential,1440p,1,0,,,,927.685,,OK
Sobel,OpenMP,1440p,1,0,,,,523.369,2,OK
Sobel,OpenMP,1440p,1,0,,,,387.231,4,OK
Sobel,OpenMP,1440p,1,0,,,,319.145,6,OK
Sobel,OpenMP,1440p,1,0,,,,309.768,8,OK
Sobel,OpenMP,1440p,1,0,,,,300.47,10,OK
Sobel,OpenMP,1440p,1,0,,,,271.926,12,OK
Sobel,CUDA,1440p,1,0,0.590688,0.356416,0.687008,1.65318,,OK
Unsharp,Sequential,1440p,1,0,,,,5626.94,,OK
Unsharp,OpenMP,1440p,1,0,,,,3213.44,2,OK
Unsharp,OpenMP,1440p,1,0,,,,2164.43,4,OK
Unsharp,OpenMP,1440p,1,0,,,,1903.48,6,OK
Unsharp,OpenMP,1440p,1,0,,,,1759.93,8,OK
Unsharp,OpenMP,1440p,1,0,,,,1645.99,10,OK
Unsharp,OpenMP,1440p,1,0,,,,1539.14,12,OK
Unsharp,CUDA,1440p,1,0,2.14938,1.52826,1.65101,5.35949,,OK
HistEqual,Sequential,1440p,1,0,,,,211.415,,OK
HistEqual,OpenMP,1440p,1,0,,,,104.71,2,OK
HistEqual,OpenMP,1440p,1,0,,,,88.3591,4,OK
HistEqual,OpenMP,1440p,1,0,,,,82.5485,6,OK
HistEqual,OpenMP,1440p,1,0,,,,74.8891,8,OK
HistEqual,OpenMP,1440p,1,0,,,,73.6857,10,OK
HistEqual,OpenMP,1440p,1,0,,,,91.912,12,OK
HistEqual,CUDA,1440p,1,0,0.949504,2.20218,0.753568,3.99155,,OK
Invert,Sequential,1440p,2,0,,,,204.38,,OK
Invert,OpenMP,1440p,2,0,,,,157.16,2,OK
Invert,OpenMP,1440p,2,0,,,,98.9496,4,OK
Invert,OpenMP,1440p,2,0,,,,82.2598,6,OK
Invert,OpenMP,1440p,2,0,,,,82.2366,8,OK
Invert,OpenMP,1440p,2,0,,,,74.6794,10,OK
Invert,OpenMP,1440p,2,0,,,,79.4696,12,OK
Invert,CUDA,1440p,2,0,1.5216,0.423744,1.63376,3.61059,,OK
Gauss,Sequential,1440p,2,0,,,,5045.23,,OK
Gauss,OpenMP,1440p,2,0,,,,2835.61,2,OK
Gauss,OpenMP,1440p,2,0,,,,1853.71,4,OK
Gauss,OpenMP,1440p,2,0,,,,1636.55,6,OK
Gauss,OpenMP,1440p,2,0,,,,1503.61,8,OK
Gauss,OpenMP,1440p,2,0,,,,1446.52,10,OK
Gauss,OpenMP,1440p,2,0,,,,1397.88,12,OK
Gauss,CUDA,1440p,2,0,1.46707,1.64461,1.70138,4.83184,,OK
Sobel,Sequential,1440p,2,0,,,,917.507,,OK
Sobel,OpenMP,1440p,2,0,,,,520.69,2,OK
Sobel,OpenMP,1440p,2,0,,,,370.404,4,OK
Sobel,OpenMP,1440p,2,0,,,,330.488,6,OK
Sobel,OpenMP,1440p,2,0,,,,312.18,8,OK
Sobel,OpenMP,1440p,2,0,,,,304.477,10,OK
Sobel,OpenMP,1440p,2,0,,,,272.988,12,OK
Sobel,CUDA,1440p,2,0,0.627136,0.300608,0.768512,1.71843,,OK
Unsharp,Sequential,1440p,2,0,,,,5665.27,,OK
Unsharp,OpenMP,1440p,2,0,,,,3257.68,2,OK
Unsharp,OpenMP,1440p,2,0,,,,2123.1,4,OK
Unsharp,OpenMP,1440p,2,0,,,,1944.98,6,OK
Unsharp,OpenMP,1440p,2,0,,,,1879.06,8,OK
Unsharp,OpenMP,1440p,2,0,,,,1786.19,10,OK
Unsharp,OpenMP,1440p,2,0,,,,1726.95,12,OK
Unsharp,CUDA,1440p,2,0,1.58,1.50547,4.63597,7.74864,,OK
HistEqual,Sequential,1440p,2,0,,,,214.386,,OK
HistEqual,OpenMP,1440p,2,0,,,,126.717,2,OK
HistEqual,OpenMP,1440p,2,0,,,,89.9177,4,OK
HistEqual,OpenMP,1440p,2,0,,,,79.0165,6,OK
HistEqual,OpenMP,1440p,2,0,,,,73.781,8,OK
HistEqual,OpenMP,1440p,2,0,,,,74.1863,10,OK
HistEqual,OpenMP,1440p,2,0,,,,71.0422,12,OK
HistEqual,CUDA,1440p,2,0,0.801536,1.62976,0.840032,3.30186,,OK
Invert,Sequential,1440p,3,0,,,,209.293,,OK
Invert,OpenMP,1440p,3,0,,,,162.336,2,OK
Invert,OpenMP,1440p,3,0,,,,127.418,4,OK
Invert,OpenMP,1440p,3,0,,,,91.313,6,OK
Invert,OpenMP,1440p,3,0,,,,80.3652,8,OK
Invert,OpenMP,1440p,3,0,,,,73.1842,10,OK
Invert,OpenMP,1440p,3,0,,,,82.2697,12,OK
Invert,CUDA,1440p,3,0,1.53594,0.423104,1.57779,3.56339,,OK
Gauss,Sequential,1440p,3,0,,,,5031.29,,OK
Gauss,OpenMP,1440p,3,0,,,,3595.72,2,OK
Gauss,OpenMP,1440p,3,0,,,,2319.78,4,OK
Gauss,OpenMP,1440p,3,0,,,,1792.23,6,OK
Gauss,OpenMP,1440p,3,0,,,,1622.37,8,OK
Gauss,OpenMP,1440p,3,0,,,,1486,10,OK
Gauss,OpenMP,1440p,3,0,,,,1353.27,12,OK
Gauss,CUDA,1440p,3,0,1.70733,1.65085,1.66902,5.04675,,OK
Sobel,Sequential,1440p,3,0,,,,930.194,,OK
Sobel,OpenMP,1440p,3,0,,,,523.213,2,OK
Sobel,OpenMP,1440p,3,0,,,,496.034,4,OK
Sobel,OpenMP,1440p,3,0,,,,386.659,6,OK
Sobel,OpenMP,1440p,3,0,,,,331.091,8,OK
Sobel,OpenMP,1440p,3,0,,,,296.021,10,OK
Sobel,OpenMP,1440p,3,0,,,,274.644,12,OK
Sobel,CUDA,1440p,3,0,0.597664,0.313088,0.79376,1.72157,,OK
Unsharp,Sequential,1440p,3,0,,,,5706.15,,OK
Unsharp,OpenMP,1440p,3,0,,,,4325.5,2,OK
Unsharp,OpenMP,1440p,3,0,,,,2659.4,4,OK
Unsharp,OpenMP,1440p,3,0,,,,2107.48,6,OK
Unsharp,OpenMP,1440p,3,0,,,,1828.34,8,OK
Unsharp,OpenMP,1440p,3,0,,,,1670.64,10,OK
Unsharp,OpenMP,1440p,3,0,,,,1546.73,12,OK
Unsharp,CUDA,1440p,3,0,1.7744,1.51453,1.6359,4.9416,,OK
HistEqual,Sequential,1440p,3,0,,,,214.085,,OK
HistEqual,OpenMP,1440p,3,0,,,,142.459,2,OK
HistEqual,OpenMP,1440p,3,0,,,,92.7377,4,OK
HistEqual,OpenMP,1440p,3,0,,,,81.3425,6,OK
HistEqual,OpenMP,1440p,3,0,,,,78.0756,8,OK
HistEqual,OpenMP,1440p,3,0,,,,76.5557,10,OK
HistEqual,OpenMP,1440p,3,0,,,,80.6495,12,OK
HistEqual,CUDA,1440p,3,0,0.59408,1.62022,0.6008,2.84314,,OK
Invert,Sequential,1440p,4,0,,,,209.228,,OK
Invert,OpenMP,1440p,4,0,,,,220.394,2,OK
Invert,OpenMP,1440p,4,0,,,,125.437,4,OK
Invert,OpenMP,1440p,4,0,,,,96.7319,6,OK
Invert,OpenMP,1440p,4,0,,,,80.9962,8,OK
Invert,OpenMP,1440p,4,0,,,,74.0189,10,OK
Invert,OpenMP,1440p,4,0,,,,68.8004,12,OK
Invert,CUDA,1440p,4,0,1.87037,0.411712,1.77386,4.08522,,OK
Gauss,Sequential,1440p,4,0,,,,5038.2,,OK
Gauss,OpenMP,1440p,4,0,,,,3661.7,2,OK
Gauss,OpenMP,1440p,4,0,,,,2294.5,4,OK
Gauss,OpenMP,1440p,4,0,,,,1831.06,6,OK
Gauss,OpenMP,1440p,4,0,,,,1621.32,8,OK
Gauss,OpenMP,1440p,4,0,,,,1491.68,10,OK
Gauss,OpenMP,1440p,4,0,,,,1352.29,12,OK
Gauss,CUDA,1440p,4,0,1.6969,1.19411,1.71507,4.62502,,OK
Sobel,Sequential,1440p,4,0,,,,928.889,,OK
Sobel,OpenMP,1440p,4,0,,,,767.855,2,OK
Sobel,OpenMP,1440p,4,0,,,,473.409,4,OK
Sobel,OpenMP,1440p,4,0,,,,384.665,6,OK
Sobel,OpenMP,1440p,4,0,,,,334.533,8,OK
Sobel,OpenMP,1440p,4,0,,,,296.388,10,OK
Sobel,OpenMP,1440p,4,0,,,,282.596,12,OK
Sobel,CUDA,1440p,4,0,0.632896,0.31808,0.778336,1.74931,,OK
Unsharp,Sequential,1440p,4,0,,,,5676.76,,OK
Unsharp,OpenMP,1440p,4,0,,,,4128.66,2,OK
Unsharp,OpenMP,1440p,4,0,,,,2218.87,4,OK
Unsharp,OpenMP,1440p,4,0,,,,1861.44,6,OK
Unsharp,OpenMP,1440p,4,0,,,,1858.44,8,OK
Unsharp,OpenMP,1440p,4,0,,,,1812.91,10,OK
Unsharp,OpenMP,1440p,4,0,,,,1547.85,12,OK
Unsharp,CUDA,1440p,4,0,1.67946,1.51971,2.38275,5.58912,,OK
HistEqual,Sequential,1440p,4,0,,,,213.06,,OK
HistEqual,OpenMP,1440p,4,0,,,,110.465,2,OK
HistEqual,OpenMP,1440p,4,0,,,,76.3151,4,OK
HistEqual,OpenMP,1440p,4,0,,,,68.3506,6,OK
HistEqual,OpenMP,1440p,4,0,,,,77.3308,8,OK
HistEqual,OpenMP,1440p,4,0,,,,73.1747,10,OK
HistEqual,OpenMP,1440p,4,0,,,,75.6392,12,OK
HistEqual,CUDA,1440p,4,0,0.709696,2.30544,0.800384,3.83648,,OK
Invert,Sequential,2160p,0,0,,,,368.267,,OK
Invert,OpenMP,2160p,0,0,,,,354.095,2,OK
Invert,OpenMP,2160p,0,0,,,,254.926,4,OK
Invert,OpenMP,2160p,0,0,,,,198.285,6,OK
Invert,OpenMP,2160p,0,0,,,,177.009,8,OK
Invert,OpenMP,2160p,0,0,,,,162.527,10,OK
Invert,OpenMP,2160p,0,0,,,,155.412,12,OK
Invert,CUDA,2160p,0,0,3.73792,0.770848,4.83875,9.38531,,OK
Gauss,Sequential,2160p,0,0,,,,11194.9,,OK
Gauss,OpenMP,2160p,0,0,,,,6456.87,2,OK
Gauss,OpenMP,2160p,0,0,,,,4231.37,4,OK
Gauss,OpenMP,2160p,0,0,,,,3628.23,6,OK
Gauss,OpenMP,2160p,0,0,,,,3374.42,8,OK
Gauss,OpenMP,2160p,0,0,,,,3247.56,10,OK
Gauss,OpenMP,2160p,0,0,,,,3092.31,12,OK
Gauss,CUDA,2160p,0,0,3.87933,2.5153,4.22275,10.6393,,OK
Sobel,Sequential,2160p,0,0,,,,2031.5,,OK
Sobel,OpenMP,2160p,0,0,,,,1170.87,2,OK
Sobel,OpenMP,2160p,0,0,,,,785.618,4,OK
Sobel,OpenMP,2160p,0,0,,,,723.536,6,OK
Sobel,OpenMP,2160p,0,0,,,,654.026,8,OK
Sobel,OpenMP,2160p,0,0,,,,645.147,10,OK
Sobel,OpenMP,2160p,0,0,,,,600.746,12,OK
Sobel,CUDA,2160p,0,0,1.53197,0.49712,1.57453,3.62112,,OK
Unsharp,Sequential,2160p,0,0,,,,12664.8,,OK
Unsharp,OpenMP,2160p,0,0,,,,7338.59,2,OK
Unsharp,OpenMP,2160p,0,0,,,,4818.63,4,OK
Unsharp,OpenMP,2160p,0,0,,,,4129.9,6,OK
Unsharp,OpenMP,2160p,0,0,,,,3839.43,8,OK
Unsharp,OpenMP,2160p,0,0,,,,3631.97,10,OK
Unsharp,OpenMP,2160p,0,0,,,,3450.15,12,OK
Unsharp,CUDA,2160p,0,0,4.09872,3.21738,3.85878,11.1924,,OK
HistEqual,Sequential,2160p,0,0,,,,394.407,,OK
HistEqual,OpenMP,2160p,0,0,,,,230.888,2,OK
HistEqual,OpenMP,2160p,0,0,,,,164.091,4,OK
HistEqual,OpenMP,2160p,0,0,,,,159.041,6,OK
HistEqual,OpenMP,2160p,0,0,,,,162.815,8,OK
HistEqual,OpenMP,2160p,0,0,,,,157.497,10,OK
HistEqual,OpenMP,2160p,0,0,,,,155.728,12,OK
HistEqual,CUDA,2160p,0,0,1.40182,3.5609,1.42886,6.42659,,OK
Invert,Sequential,2160p,1,0,,,,394.471,,OK
Invert,OpenMP,2160p,1,0,,,,374.035,2,OK
Invert,OpenMP,2160p,1,0,,,,209.05,4,OK
Invert,OpenMP,2160p,1,0,,,,200.007,6,OK
Invert,OpenMP,2160p,1,0,,,,177.463,8,OK
Invert,OpenMP,2160p,1,0,,,,157.93,10,OK
Invert,OpenMP,2160p,1,0,,,,147.252,12,OK
Invert,CUDA,2160p,1,0,6.05952,0.8528,4.21702,11.2375,,OK
Gauss,Sequential,2160p,1,0,,,,11201.4,,OK
Gauss,OpenMP,2160p,1,0,,,,6356.52,2,OK
Gauss,OpenMP,2160p,1,0,,,,4222.93,4,OK
Gauss,OpenMP,2160p,1,0,,,,3585.11,6,OK
Gauss,OpenMP,2160p,1,0,,,,3364.72,8,OK
Gauss,OpenMP,2160p,1,0,,,,3220.03,10,OK
Gauss,OpenMP,2160p,1,0,,,,3041.52,12,OK
Gauss,CUDA,2160p,1,0,3.20931,3.00362,4.0959,10.3286,,OK
Sobel,Sequential,2160p,1,0,,,,2012.04,,OK
Sobel,OpenMP,2160p,1,0,,,,1159.91,2,OK
Sobel,OpenMP,2160p,1,0,,,,801.173,4,OK
Sobel,OpenMP,2160p,1,0,,,,714.169,6,OK
Sobel,OpenMP,2160p,1,0,,,,669.943,8,OK
Sobel,OpenMP,2160p,1,0,,,,640.982,10,OK
Sobel,OpenMP,2160p,1,0,,,,605.045,12,OK
Sobel,CUDA,2160p,1,0,1.5016,0.514624,2.3584,4.4009,,OK
Unsharp,Sequential,2160p,1,0,,,,12618,,OK
Unsharp,OpenMP,2160p,1,0,,,,7245.03,2,OK
Unsharp,OpenMP,2160p,1,0,,,,4840.1,4,OK
Unsharp,OpenMP,2160p,1,0,,,,4101.43,6,OK
Unsharp,OpenMP,2160p,1,0,,,,3924.55,8,OK
Unsharp,OpenMP,2160p,1,0,,,,3657.03,10,OK
Unsharp,OpenMP,2160p,1,0,,,,3457.16,12,OK
Unsharp,CUDA,2160p,1,0,4.15725,3.20253,3.66109,11.0438,,OK
HistEqual,Sequential,2160p,1,0,,,,387.284,,OK
HistEqual,OpenMP,2160p,1,0,,,,244.082,2,OK
HistEqual,OpenMP,2160p,1,0,,,,173.432,4,OK
HistEqual,OpenMP,2160p,1,0,,,,154.973,6,OK
HistEqual,OpenMP,2160p,1,0,,,,168.1,8,OK
HistEqual,OpenMP,2160p,1,0,,,,160.892,10,OK
HistEqual,OpenMP,2160p,1,0,,,,148.656,12,OK
HistEqual,CUDA,2160p,1,0,1.34851,3.52493,1.44358,6.35488,,OK
Invert,Sequential,2160p,2,0,,,,390.47,,OK
Invert,OpenMP,2160p,2,0,,,,360.121,2,OK
Invert,OpenMP,2160p,2,0,,,,246.011,4,OK
Invert,OpenMP,2160p,2,0,,,,196.859,6,OK
Invert,OpenMP,2160p,2,0,,,,178.623,8,OK
Invert,OpenMP,2160p,2,0,,,,158.794,10,OK
Invert,OpenMP,2160p,2,0,,,,149.956,12,OK
Invert,CUDA,2160p,2,0,3.69264,1.28208,3.68698,8.69104,,OK
Gauss,Sequential,2160p,2,0,,,,11172.1,,OK
Gauss,OpenMP,2160p,2,0,,,,6495.12,2,OK
Gauss,OpenMP,2160p,2,0,,,,4152.22,4,OK
Gauss,OpenMP,2160p,2,0,,,,3633.86,6,OK
Gauss,OpenMP,2160p,2,0,,,,3330,8,OK
Gauss,OpenMP,2160p,2,0,,,,3252.57,10,OK
Gauss,OpenMP,2160p,2,0,,,,3059.25,12,OK
Gauss,CUDA,2160p,2,0,3.94682,2.48576,3.83747,10.2892,,OK
Sobel,Sequential,2160p,2,0,,,,2031.74,,OK
Sobel,OpenMP,2160p,2,0,,,,1260.61,2,OK
Sobel,OpenMP,2160p,2,0,,,,786.984,4,OK
Sobel,OpenMP,2160p,2,0,,,,707.34,6,OK
Sobel,OpenMP,2160p,2,0,,,,665.97,8,OK
Sobel,OpenMP,2160p,2,0,,,,648.343,10,OK
Sobel,OpenMP,2160p,2,0,,,,609.213,12,OK
Sobel,CUDA,2160p,2,0,1.52106,0.501056,1.54378,3.58611,,OK
Unsharp,Sequential,2160p,2,0,,,,12617.5,,OK
Unsharp,OpenMP,2160p,2,0,,,,7300.87,2,OK
Unsharp,OpenMP,2160p,2,0,,,,5019.4,4,OK
Unsharp,OpenMP,2160p,2,0,,,,4169.02,6,OK
Unsharp,OpenMP,2160p,2,0,,,,3790.4,8,OK
Unsharp,OpenMP,2160p,2,0,,,,3691.5,10,OK
Unsharp,OpenMP,2160p,2,0,,,,3448.2,12,OK
Unsharp,CUDA,2160p,2,0,4.18992,3.22045,4.12102,11.5559,,OK
HistEqual,Sequential,2160p,2,0,,,,385.516,,OK
HistEqual,OpenMP,2160p,2,0,,,,229.032,2,OK
HistEqual,OpenMP,2160p,2,0,,,,168.983,4,OK
HistEqual,OpenMP,2160p,2,0,,,,160.59,6,OK
HistEqual,OpenMP,2160p,2,0,,,,159.319,8,OK
HistEqual,OpenMP,2160p,2,0,,,,160.367,10,OK
HistEqual,OpenMP,2160p,2,0,,,,146.431,12,OK
HistEqual,CUDA,2160p,2,0,1.35424,3.54301,1.21619,6.14394,,OK
Invert,Sequential,2160p,3,0,,,,392.171,,OK
Invert,OpenMP,2160p,3,0,,,,366.71,2,OK
Invert,OpenMP,2160p,3,0,,,,217.979,4,OK
Invert,OpenMP,2160p,3,0,,,,189.964,6,OK
Invert,OpenMP,2160p,3,0,,,,178.37,8,OK
Invert,OpenMP,2160p,3,0,,,,160.429,10,OK
Invert,OpenMP,2160p,3,0,,,,149.476,12,OK
Invert,CUDA,2160p,3,0,4.43661,0.798304,3.78182,9.04998,,OK
Gauss,Sequential,2160p,3,0,,,,11204.6,,OK
Gauss,OpenMP,2160p,3,0,,,,6535.67,2,OK
Gauss,OpenMP,2160p,3,0,,,,4248.09,4,OK
Gauss,OpenMP,2160p,3,0,,,,3678.31,6,OK
Gauss,OpenMP,2160p,3,0,,,,3325.78,8,OK
Gauss,OpenMP,2160p,3,0,,,,3211.67,10,OK
Gauss,OpenMP,2160p,3,0,,,,3062.56,12,OK
Gauss,CUDA,2160p,3,0,3.67766,2.49728,3.64134,9.84144,,OK
Sobel,Sequential,2160p,3,0,,,,2039.07,,OK
Sobel,OpenMP,2160p,3,0,,,,1163.78,2,OK
Sobel,OpenMP,2160p,3,0,,,,820.544,4,OK
Sobel,OpenMP,2160p,3,0,,,,699.264,6,OK
Sobel,OpenMP,2160p,3,0,,,,659.717,8,OK
Sobel,OpenMP,2160p,3,0,,,,647.611,10,OK
Sobel,OpenMP,2160p,3,0,,,,603.336,12,OK
Sobel,CUDA,2160p,3,0,1.37763,0.499296,1.58992,3.48429,,OK
Unsharp,Sequential,2160p,3,0,,,,12656.8,,OK
Unsharp,OpenMP,2160p,3,0,,,,7291.46,2,OK
Unsharp,OpenMP,2160p,3,0,,,,4939.18,4,OK
Unsharp,OpenMP,2160p,3,0,,,,4202.08,6,OK
Unsharp,OpenMP,2160p,3,0,,,,3889.76,8,OK
Unsharp,OpenMP,2160p,3,0,,,,3664.47,10,OK
Unsharp,OpenMP,2160p,3,0,,,,3488.98,12,OK
Unsharp,CUDA,2160p,3,0,3.56467,3.2441,3.80445,10.6352,,OK
HistEqual,Sequential,2160p,3,0,,,,382.689,,OK
HistEqual,OpenMP,2160p,3,0,,,,229.515,2,OK
HistEqual,OpenMP,2160p,3,0,,,,190.914,4,OK
HistEqual,OpenMP,2160p,3,0,,,,152.154,6,OK
HistEqual,OpenMP,2160p,3,0,,,,165.694,8,OK
HistEqual,OpenMP,2160p,3,0,,,,155.842,10,OK
HistEqual,OpenMP,2160p,3,0,,,,164.867,12,OK
HistEqual,CUDA,2160p,3,0,1.51363,3.51971,1.21443,6.27632,,OK
Invert,Sequential,2160p,4,0,,,,384.377,,OK
Invert,OpenMP,2160p,4,0,,,,354.063,2,OK
Invert,OpenMP,2160p,4,0,,,,218.711,4,OK
Invert,OpenMP,2160p,4,0,,,,196.024,6,OK
Invert,OpenMP,2160p,4,0,,,,163.254,8,OK
Invert,OpenMP,2160p,4,0,,,,163.388,10,OK
Invert,OpenMP,2160p,4,0,,,,147.101,12,OK
Invert,CUDA,2160p,4,0,4.43347,0.76912,4.38646,9.62582,,OK
Gauss,Sequential,2160p,4,0,,,,11222.8,,OK
Gauss,OpenMP,2160p,4,0,,,,6405.52,2,OK
Gauss,OpenMP,2160p,4,0,,,,4308.63,4,OK
Gauss,OpenMP,2160p,4,0,,,,3576.46,6,OK
Gauss,OpenMP,2160p,4,0,,,,3388.05,8,OK
Gauss,OpenMP,2160p,4,0,,,,3266.63,10,OK
Gauss,OpenMP,2160p,4,0,,,,3059.85,12,OK
Gauss,CUDA,2160p,4,0,3.4672,2.54093,3.70288,9.73034,,OK
Sobel,Sequential,2160p,4,0,,,,2051.91,,OK
Sobel,OpenMP,2160p,4,0,,,,1178.07,2,OK
Sobel,OpenMP,2160p,4,0,,,,782.202,4,OK
Sobel,OpenMP,2160p,4,0,,,,717.487,6,OK
Sobel,OpenMP,2160p,4,0,,,,669.119,8,OK
Sobel,OpenMP,2160p,4,0,,,,646.816,10,OK
Sobel,OpenMP,2160p,4,0,,,,606.978,12,OK
Sobel,CUDA,2160p,4,0,1.3889,0.499968,1.75811,3.66771,,OK
Unsharp,Sequential,2160p,4,0,,,,12653.7,,OK
Unsharp,OpenMP,2160p,4,0,,,,7363.35,2,OK
Unsharp,OpenMP,2160p,4,0,,,,4893.88,4,OK
Unsharp,OpenMP,2160p,4,0,,,,4139.55,6,OK
Unsharp,OpenMP,2160p,4,0,,,,3843.47,8,OK
Unsharp,OpenMP,2160p,4,0,,,,3636.94,10,OK
Unsharp,OpenMP,2160p,4,0,,,,3411.35,12,OK
Unsharp,CUDA,2160p,4,0,3.68112,3.6729,3.85219,11.2299,,OK
HistEqual,Sequential,2160p,4,0,,,,410.173,,OK
HistEqual,OpenMP,2160p,4,0,,,,225.326,2,OK
HistEqual,OpenMP,2160p,4,0,,,,167.956,4,OK
HistEqual,OpenMP,2160p,4,0,,,,152.649,6,OK
HistEqual,OpenMP,2160p,4,0,,,,161.719,8,OK
HistEqual,OpenMP,2160p,4,0,,,,153.627,10,OK
HistEqual,OpenMP,2160p,4,0,,,,144.021,12,OK
HistEqual,CUDA,2160p,4,0,1.26803,3.54102,1.23059,6.06611,,OK
